q,terminal_mean,terminal_std,n_oracle,terminal_se,oracle_fit_pred,panel,randomized_ols_pred,n_randomized,signal_confounded_ols_pred,n_signal_confounded,rl_style_ols_pred,n_rl_style,policy_id,policy_label,policy_seed,clone_id,seed,episode_id,latent_direction,latent_sign,impact_by_horizon,f_walk,propagation_residual_by_horizon,policy_score,imbalance,depth_imbalance,recent_volume_lags,branch_id,oracle_slope,estimator,estimate,target,ratio_to_target,ratio_ci_low,ratio_ci_high,q_mean,q_se
-100.0,-1.55,1.3737860588873438,60.0,0.17735501757742014,-1.5017630644342976,oracle_curve,-1.4029563880346656,6.0,-2.6446194506401057,6.0,-2.8433407443503693,6.0,,,,,,,,,,,,,,,,,,,,,,,,,
-60.0,-0.8583333333333333,0.9526575970279884,60.0,0.1229875669309125,-0.8892059868087268,oracle_curve,-0.8123776908023481,7.0,-1.5663096947661097,7.0,-1.6913641347383812,10.0,,,,,,,,,,,,,,,,,,,,,,,,,
-30.0,-0.36666666666666664,0.72408133887757,60.0,0.09347849889241325,-0.4297881785895485,oracle_curve,-0.36944366787811006,7.0,-0.757577377860613,10.0,-0.8273816775293904,6.0,,,,,,,,,,,,,,,,,,,,,,,,,
-10.0,-0.16666666666666666,0.492887262066433,60.0,0.06363147191803552,-0.12350963977676299,oracle_curve,-0.0741543192619513,7.0,-0.2184224999236152,7.0,-0.25139337272339657,8.0,,,,,,,,,,,,,,,,,,,,,,,,,
0.0,0.0,0.0,60.0,0.0,0.029629629629629724,oracle_curve,0.07349035504612807,6.0,0.05115493904488374,0.0,0.0366007796796004,0.0,,,,,,,,,,,,,,,,,,,,,,,,,
10.0,0.225,0.4993640022865695,60.0,0.06446761548504554,0.18276889903602245,oracle_curve,0.22113502935420742,7.0,0.32073237801338267,8.0,0.3245949320825974,7.0,,,,,,,,,,,,,,,,,,,,,,,,,
30.0,0.5083333333333333,0.6541372029062318,60.0,0.08444874976635125,0.48904743784880794,oracle_curve,0.5164243779703662,7.0,0.8598872559503805,5.0,0.9005832368885912,9.0,,,,,,,,,,,,,,,,,,,,,,,,,
60.0,0.925,0.8916990067528772,60.0,0.11511784676611961,0.9484652460679861,oracle_curve,0.9593584008946043,6.0,1.6686195728558773,8.0,1.764565694097582,5.0,,,,,,,,,,,,,,,,,,,,,,,,,
100.0,1.55,1.3921693838108704,60.0,0.17972829461997808,1.561022323693557,oracle_curve,1.5499370981269218,7.0,2.746929328729873,9.0,2.91654230370957,9.0,,,,,,,,,,,,,,,,,,,,,,,,,
-60.0,,,,,,policy_points,,,,,,,randomized,Randomized policy,20260521.0,one_shot_s0_liq1.5_e0,0.0,0.0,sell,-1.0,-0.5,-1.5,1.0,,-0.0041152263374485,-0.0052493438320209,2.0,one_shot_s0_liq1.5_e0_x60_h150,0.015313926940639273,,,,,,,,
-30.0,,,,,,policy_points,,,,,,,signal_confounded,Signal-confounded policy,20260521.0,one_shot_s0_liq1.5_e0,0.0,0.0,sell,-1.0,-0.5,-1.0,0.5,0.0639872330773467,-0.0041152263374485,-0.0052493438320209,2.0,one_shot_s0_liq1.5_e0_x30_h150,0.015313926940639273,,,,,,,,
-60.0,,,,,,policy_points,,,,,,,rl_style,RL-style state policy,20260521.0,one_shot_s0_liq1.5_e0,0.0,0.0,sell,-1.0,-0.5,-1.5,1.0,0.5724273677568008,-0.0041152263374485,-0.0052493438320209,2.0,one_shot_s0_liq1.5_e0_x60_h150,0.015313926940639273,,,,,,,,
-60.0,,,,,,policy_points,,,,,,,randomized,Randomized policy,20260521.0,one_shot_s0_liq1.5_e1,0.0,1.0,sell,-1.0,-1.0,-1.0,0.0,,0.0080645161290322,-0.0038910505836575,0.0,one_shot_s0_liq1.5_e1_x60_h150,0.015313926940639273,,,,,,,,
-10.0,,,,,,policy_points,,,,,,,signal_confounded,Signal-confounded policy,20260521.0,one_shot_s0_liq1.5_e1,0.0,1.0,sell,-1.0,-1.0,-0.5,-0.5,0.0062146981297853,0.0080645161290322,-0.0038910505836575,0.0,one_shot_s0_liq1.5_e1_x10_h150,0.015313926940639273,,,,,,,,
-30.0,,,,,,policy_points,,,,,,,rl_style,RL-style state policy,20260521.0,one_shot_s0_liq1.5_e1,0.0,1.0,sell,-1.0,-1.0,-1.0,0.0,0.4869867477046662,0.0080645161290322,-0.0038910505836575,0.0,one_shot_s0_liq1.5_e1_x30_h150,0.015313926940639273,,,,,,,,
0.0,,,,,,policy_points,,,,,,,randomized,Randomized policy,20260521.0,one_shot_s0_liq1.5_e2,0.0,2.0,sell,-1.0,0.0,0.0,0.0,,-0.0737704918032786,-0.0263852242744063,0.0,one_shot_s0_liq1.5_e2_x0_h150,0.015313926940639273,,,,,,,,
-30.0,,,,,,policy_points,,,,,,,signal_confounded,Signal-confounded policy,20260521.0,one_shot_s0_liq1.5_e2,0.0,2.0,sell,-1.0,0.0,-0.5,0.5,0.0545471257407326,-0.0737704918032786,-0.0263852242744063,0.0,one_shot_s0_liq1.5_e2_x30_h150,0.015313926940639273,,,,,,,,
-100.0,,,,,,policy_points,,,,,,,rl_style,RL-style state policy,20260521.0,one_shot_s0_liq1.5_e2,0.0,2.0,sell,-1.0,-3.0,-2.0,-1.0,0.6625316611652133,-0.0737704918032786,-0.0263852242744063,0.0,one_shot_s0_liq1.5_e2_x100_h150,0.015313926940639273,,,,,,,,
-30.0,,,,,,policy_points,,,,,,,randomized,Randomized policy,20260521.0,one_shot_s0_liq1.5_e3,0.0,3.0,sell,-1.0,-1.0,-1.0,0.0,,-0.0228310502283105,-0.0067476383265856,1.0,one_shot_s0_liq1.5_e3_x30_h150,0.015313926940639273,,,,,,,,
-30.0,,,,,,policy_points,,,,,,,signal_confounded,Signal-confounded policy,20260521.0,one_shot_s0_liq1.5_e3,0.0,3.0,sell,-1.0,-1.0,-1.0,0.0,0.0465270922300482,-0.0228310502283105,-0.0067476383265856,1.0,one_shot_s0_liq1.5_e3_x30_h150,0.015313926940639273,,,,,,,,
-60.0,,,,,,policy_points,,,,,,,rl_style,RL-style state policy,20260521.0,one_shot_s0_liq1.5_e3,0.0,3.0,sell,-1.0,-2.5,-1.5,-1.0,0.5808834532384713,-0.0228310502283105,-0.0067476383265856,1.0,one_shot_s0_liq1.5_e3_x60_h150,0.015313926940639273,,,,,,,,
-100.0,,,,,,policy_points,,,,,,,randomized,Randomized policy,20260521.0,one_shot_s0_liq1.5_e4,0.0,4.0,sell,-1.0,-2.0,-2.0,0.0,,-0.0917030567685589,-0.0254350736278447,4.0,one_shot_s0_liq1.5_e4_x100_h150,0.015313926940639273,,,,,,,,
-100.0,,,,,,policy_points,,,,,,,signal_confounded,Signal-confounded policy,20260521.0,one_shot_s0_liq1.5_e4,0.0,4.0,sell,-1.0,-2.0,-2.0,0.0,0.1859657553065244,-0.0917030567685589,-0.0254350736278447,4.0,one_shot_s0_liq1.5_e4_x100_h150,0.015313926940639273,,,,,,,,
-100.0,,,,,,policy_points,,,,,,,rl_style,RL-style state policy,20260521.0,one_shot_s0_liq1.5_e4,0.0,4.0,sell,-1.0,-2.0,-2.0,0.0,0.8131774989559902,-0.0917030567685589,-0.0254350736278447,4.0,one_shot_s0_liq1.5_e4_x100_h150,0.015313926940639273,,,,,,,,
-60.0,,,,,,policy_points,,,,,,,randomized,Randomized policy,20260521.0,one_shot_s0_liq1.5_e5,0.0,5.0,sell,-1.0,-1.0,-1.5,0.5,,-0.0331753554502369,0.0,2.0,one_shot_s0_liq1.5_e5_x60_h150,0.015313926940639273,,,,,,,,
-60.0,,,,,,policy_points,,,,,,,signal_confounded,Signal-confounded policy,20260521.0,one_shot_s0_liq1.5_e5,0.0,5.0,sell,-1.0,-1.0,-1.5,0.5,0.0815639810426539,-0.0331753554502369,0.0,2.0,one_shot_s0_liq1.5_e5_x60_h150,0.015313926940639273,,,,,,,,
-60.0,,,,,,policy_points,,,,,,,rl_style,RL-style state policy,20260521.0,one_shot_s0_liq1.5_e5,0.0,5.0,sell,-1.0,-1.0,-1.5,0.5,0.6259639635533125,-0.0331753554502369,0.0,2.0,one_shot_s0_liq1.5_e5_x60_h150,0.015313926940639273,,,,,,,,
-30.0,,,,,,policy_points,,,,,,,randomized,Randomized policy,20260521.0,one_shot_s0_liq1.5_e6,0.0,6.0,buy,1.0,0.0,-1.0,1.0,,-0.0701754385964912,-0.0066050198150594,3.0,one_shot_s0_liq1.5_e6_x30_h150,0.015313926940639273,,,,,,,,
100.0,,,,,,policy_points,,,,,,,signal_confounded,Signal-confounded policy,20260521.0,one_shot_s0_liq1.5_e6,0.0,6.0,buy,1.0,3.0,2.0,1.0,0.1372652900414841,-0.0701754385964912,-0.0066050198150594,3.0,one_shot_s0_liq1.5_e6_x-100_h150,0.015313926940639273,,,,,,,,
30.0,,,,,,policy_points,,,,,,,rl_style,RL-style state policy,20260521.0,one_shot_s0_liq1.5_e6,0.0,6.0,buy,1.0,1.0,1.0,0.0,0.4483484477246184,-0.0701754385964912,-0.0066050198150594,3.0,one_shot_s0_liq1.5_e6_x-30_h150,0.015313926940639273,,,,,,,,
0.0,,,,,,policy_points,,,,,,,randomized,Randomized policy,20260521.0,one_shot_s0_liq1.5_e7,0.0,7.0,buy,1.0,0.0,0.0,0.0,,0.0226244343891402,0.0013495276653171,7.0,one_shot_s0_liq1.5_e7_x0_h150,0.015313926940639273,,,,,,,,
100.0,,,,,,policy_points,,,,,,,signal_confounded,Signal-confounded policy,20260521.0,one_shot_s0_liq1.5_e7,0.0,7.0,buy,1.0,4.0,2.0,2.0,0.2250432642692704,0.0226244343891402,0.0013495276653171,7.0,one_shot_s0_liq1.5_e7_x-100_h150,0.015313926940639273,,,,,,,,
100.0,,,,,,policy_points,,,,,,,rl_style,RL-style state policy,20260521.0,one_shot_s0_liq1.5_e7,0.0,7.0,buy,1.0,4.0,2.0,2.0,0.7561963630533514,0.0226244343891402,0.0013495276653171,7.0,one_shot_s0_liq1.5_e7_x-100_h150,0.015313926940639273,,,,,,,,
-30.0,,,,,,policy_points,,,,,,,randomized,Randomized policy,20260521.0,one_shot_s0_liq1.5_e8,0.0,8.0,buy,1.0,0.0,-1.0,1.0,,0.0350877192982456,0.0108108108108108,2.0,one_shot_s0_liq1.5_e8_x30_h150,0.015313926940639273,,,,,,,,
60.0,,,,,,policy_points,,,,,,,signal_confounded,Signal-confounded policy,20260521.0,one_shot_s0_liq1.5_e8,0.0,8.0,buy,1.0,2.0,1.5,0.5,0.0855097202465623,0.0350877192982456,0.0108108108108108,2.0,one_shot_s0_liq1.5_e8_x-60_h150,0.015313926940639273,,,,,,,,
60.0,,,,,,policy_points,,,,,,,rl_style,RL-style state policy,20260521.0,one_shot_s0_liq1.5_e8,0.0,8.0,buy,1.0,2.0,1.5,0.5,0.6381775106005085,0.0350877192982456,0.0108108108108108,2.0,one_shot_s0_liq1.5_e8_x-60_h150,0.015313926940639273,,,,,,,,
60.0,,,,,,policy_points,,,,,,,randomized,Randomized policy,20260521.0,one_shot_s0_liq1.5_e9,0.0,9.0,buy,1.0,2.5,1.5,1.0,,0.1092436974789916,0.0303030303030303,3.0,one_shot_s0_liq1.5_e9_x-60_h150,0.015313926940639273,,,,,,,,
100.0,,,,,,policy_points,,,,,,,signal_confounded,Signal-confounded policy,20260521.0,one_shot_s0_liq1.5_e9,0.0,9.0,buy,1.0,3.5,2.0,1.5,0.1685841609371021,0.1092436974789916,0.0303030303030303,3.0,one_shot_s0_liq1.5_e9_x-100_h150,0.015313926940639273,,,,,,,,
100.0,,,,,,policy_points,,,,,,,rl_style,RL-style state policy,20260521.0,one_shot_s0_liq1.5_e9,0.0,9.0,buy,1.0,3.5,2.0,1.5,0.815302691231567,0.1092436974789916,0.0303030303030303,3.0,one_shot_s0_liq1.5_e9_x-100_h150,0.015313926940639273,,,,,,,,
-60.0,,,,,,policy_points,,,,,,,randomized,Randomized policy,20260521.0,one_shot_s0_liq1.5_e10,0.0,10.0,buy,1.0,0.0,-1.5,1.5,,-0.0207468879668049,0.0,0.0,one_shot_s0_liq1.5_e10_x60_h150,0.015313926940639273,,,,,,,,
10.0,,,,,,policy_points,,,,,,,signal_confounded,Signal-confounded policy,20260521.0,one_shot_s0_liq1.5_e10,0.0,10.0,buy,1.0,0.5,0.5,0.0,0.0134854771784231,-0.0207468879668049,0.0,0.0,one_shot_s0_liq1.5_e10_x-10_h150,0.015313926940639273,,,,,,,,
30.0,,,,,,policy_points,,,,,,,rl_style,RL-style state policy,20260521.0,one_shot_s0_liq1.5_e10,0.0,10.0,buy,1.0,1.0,1.0,0.0,0.458601217352153,-0.0207468879668049,0.0,0.0,one_shot_s0_liq1.5_e10_x-30_h150,0.015313926940639273,,,,,,,,
-60.0,,,,,,policy_points,,,,,,,randomized,Randomized policy,20260521.0,one_shot_s0_liq1.5_e11,0.0,11.0,buy,1.0,0.5,-1.5,2.0,,0.0,0.0053763440860215,0.0,one_shot_s0_liq1.5_e11_x60_h150,0.015313926940639273,,,,,,,,
10.0,,,,,,policy_points,,,,,,,signal_confounded,Signal-confounded policy,20260521.0,one_shot_s0_liq1.5_e11,0.0,11.0,buy,1.0,0.5,0.5,0.0,0.0013440860215053,0.0,0.0053763440860215,0.0,one_shot_s0_liq1.5_e11_x-10_h150,0.015313926940639273,,,,,,,,
30.0,,,,,,policy_points,,,,,,,rl_style,RL-style state policy,20260521.0,one_shot_s0_liq1.5_e11,0.0,11.0,buy,1.0,0.5,1.0,-0.5,0.5043009691830771,0.0,0.0053763440860215,0.0,one_shot_s0_liq1.5_e11_x-30_h150,0.015313926940639273,,,,,,,,
-30.0,,,,,,policy_points,,,,,,,randomized,Randomized policy,20260521.0,one_shot_s101_liq1.5_e0,101.0,0.0,buy,1.0,1.0,-1.0,2.0,,-0.0582959641255605,-0.0282637954239569,2.0,one_shot_s101_liq1.5_e0_x30_h150,0.015313926940639273,,,,,,,,
60.0,,,,,,policy_points,,,,,,,signal_confounded,Signal-confounded policy,20260521.0,one_shot_s101_liq1.5_e0,101.0,0.0,buy,1.0,2.5,1.5,1.0,0.1049583255376035,-0.0582959641255605,-0.0282637954239569,2.0,one_shot_s101_liq1.5_e0_x-60_h150,0.015313926940639273,,,,,,,,
10.0,,,,,,policy_points,,,,,,,rl_style,RL-style state policy,20260521.0,one_shot_s101_liq1.5_e0,101.0,0.0,buy,1.0,1.0,0.5,0.5,0.4242854546009184,-0.0582959641255605,-0.0282637954239569,2.0,one_shot_s101_liq1.5_e0_x-10_h150,0.015313926940639273,,,,,,,,
-60.0,,,,,,policy_points,,,,,,,randomized,Randomized policy,20260521.0,one_shot_s101_liq1.5_e1,101.0,1.0,buy,1.0,0.0,-1.5,1.5,,-0.0736842105263157,0.0041039671682626,2.0,one_shot_s101_liq1.5_e1_x60_h150,0.015313926940639273,,,,,,,,
60.0,,,,,,policy_points,,,,,,,signal_confounded,Signal-confounded policy,20260521.0,one_shot_s101_liq1.5_e1,101.0,1.0,buy,1.0,2.0,1.0,1.0,0.1089207286341708,-0.0736842105263157,0.0041039671682626,2.0,one_shot_s101_liq1.5_e1_x-60_h150,0.015313926940639273,,,,,,,,
10.0,,,,,,policy_points,,,,,,,rl_style,RL-style state policy,20260521.0,one_shot_s101_liq1.5_e1,101.0,1.0,buy,1.0,0.0,0.0,0.0,0.4197749658506545,-0.0736842105263157,0.0041039671682626,2.0,one_shot_s101_liq1.5_e1_x-10_h150,0.015313926940639273,,,,,,,,
10.0,,,,,,policy_points,,,,,,,randomized,Randomized policy,20260521.0,one_shot_s101_liq1.5_e2,101.0,2.0,sell,-1.0,1.0,0.0,1.0,,0.1256281407035175,0.034106412005457,0.0,one_shot_s101_liq1.5_e2_x-10_h150,0.015313926940639273,,,,,,,,
-60.0,,,,,,policy_points,,,,,,,signal_confounded,Signal-confounded policy,20260521.0,one_shot_s101_liq1.5_e2,101.0,2.0,sell,-1.0,-1.0,-1.0,0.0,0.0901848944586506,0.1256281407035175,0.034106412005457,0.0,one_shot_s101_liq1.5_e2_x60_h150,0.015313926940639273,,,,,,,,
-10.0,,,,,,policy_points,,,,,,,rl_style,RL-style state policy,20260521.0,one_shot_s101_liq1.5_e2,101.0,2.0,sell,-1.0,0.0,0.0,0.0,0.2470950996629145,0.1256281407035175,0.034106412005457,0.0,one_shot_s101_liq1.5_e2_x10_h150,0.015313926940639273,,,,,,,,
0.0,,,,,,policy_points,,,,,,,randomized,Randomized policy,20260521.0,one_shot_s101_liq1.5_e3,101.0,3.0,buy,1.0,0.0,0.0,0.0,,-0.0210970464135021,-0.0052631578947368,1.0,one_shot_s101_liq1.5_e3_x0_h150,0.015313926940639273,,,,,,,,
30.0,,,,,,policy_points,,,,,,,signal_confounded,Signal-confounded policy,20260521.0,one_shot_s101_liq1.5_e3,101.0,3.0,buy,1.0,0.0,1.0,-1.0,0.0450288696424605,-0.0210970464135021,-0.0052631578947368,1.0,one_shot_s101_liq1.5_e3_x-30_h150,0.015313926940639273,,,,,,,,
30.0,,,,,,policy_points,,,,,,,rl_style,RL-style state policy,20260521.0,one_shot_s101_liq1.5_e3,101.0,3.0,buy,1.0,0.0,1.0,-1.0,0.4837281596389885,-0.0210970464135021,-0.0052631578947368,1.0,one_shot_s101_liq1.5_e3_x-30_h150,0.015313926940639273,,,,,,,,
10.0,,,,,,policy_points,,,,,,,randomized,Randomized policy,20260521.0,one_shot_s101_liq1.5_e4,101.0,4.0,sell,-1.0,0.0,0.5,-0.5,,-0.0042553191489361,-0.0052910052910052,0.0,one_shot_s101_liq1.5_e4_x-10_h150,0.015313926940639273,,,,,,,,
-10.0,,,,,,policy_points,,,,,,,signal_confounded,Signal-confounded policy,20260521.0,one_shot_s101_liq1.5_e4,101.0,4.0,sell,-1.0,0.0,-0.5,0.5,0.0040887087695597,-0.0042553191489361,-0.0052910052910052,0.0,one_shot_s101_liq1.5_e4_x10_h150,0.015313926940639273,,,,,,,,
-30.0,,,,,,policy_points,,,,,,,rl_style,RL-style state policy,20260521.0,one_shot_s101_liq1.5_e4,101.0,4.0,sell,-1.0,0.0,-1.0,1.0,0.5127406839467458,-0.0042553191489361,-0.0052910052910052,0.0,one_shot_s101_liq1.5_e4_x30_h150,0.015313926940639273,,,,,,,,
10.0,,,,,,policy_points,,,,,,,randomized,Randomized policy,20260521.0,one_shot_s101_liq1.5_e5,101.0,5.0,sell,-1.0,0.0,0.0,0.0,,-0.054054054054054,-0.0256410256410256,0.0,one_shot_s101_liq1.5_e5_x-10_h150,0.015313926940639273,,,,,,,,
-30.0,,,,,,policy_points,,,,,,,signal_confounded,Signal-confounded policy,20260521.0,one_shot_s101_liq1.5_e5,101.0,5.0,sell,-1.0,-1.0,-1.0,0.0,0.0415453915453915,-0.054054054054054,-0.0256410256410256,0.0,one_shot_s101_liq1.5_e5_x30_h150,0.015313926940639273,,,,,,,,
-60.0,,,,,,policy_points,,,,,,,rl_style,RL-style state policy,20260521.0,one_shot_s101_liq1.5_e5,101.0,5.0,sell,-1.0,-1.0,-1.5,0.5,0.625856972196072,-0.054054054054054,-0.0256410256410256,0.0,one_shot_s101_liq1.5_e5_x60_h150,0.015313926940639273,,,,,,,,
-100.0,,,,,,policy_points,,,,,,,randomized,Randomized policy,20260521.0,one_shot_s101_liq1.5_e6,101.0,6.0,buy,1.0,-1.0,-2.5,1.5,,-0.2749003984063745,-0.0591259640102827,0.0,one_shot_s101_liq1.5_e6_x100_h150,0.015313926940639273,,,,,,,,
100.0,,,,,,policy_points,,,,,,,signal_confounded,Signal-confounded policy,20260521.0,one_shot_s101_liq1.5_e6,101.0,6.0,buy,1.0,2.0,1.5,0.5,0.1934667499667141,-0.2749003984063745,-0.0591259640102827,0.0,one_shot_s101_liq1.5_e6_x-100_h150,0.015313926940639273,,,,,,,,
10.0,,,,,,policy_points,,,,,,,rl_style,RL-style state policy,20260521.0,one_shot_s101_liq1.5_e6,101.0,6.0,buy,1.0,0.0,0.0,0.0,0.0840610593410658,-0.2749003984063745,-0.0591259640102827,0.0,one_shot_s101_liq1.5_e6_x-10_h150,0.015313926940639273,,,,,,,,
100.0,,,,,,policy_points,,,,,,,randomized,Randomized policy,20260521.0,one_shot_s101_liq1.5_e7,101.0,7.0,sell,-1.0,2.0,2.0,0.0,,0.0131004366812227,0.0133333333333333,1.0,one_shot_s101_liq1.5_e7_x-100_h150,0.015313926940639273,,,,,,,,
-30.0,,,,,,policy_points,,,,,,,signal_confounded,Signal-confounded policy,20260521.0,one_shot_s101_liq1.5_e7,101.0,7.0,sell,-1.0,0.0,-1.0,1.0,0.041848617176128,0.0131004366812227,0.0133333333333333,1.0,one_shot_s101_liq1.5_e7_x30_h150,0.015313926940639273,,,,,,,,
-30.0,,,,,,policy_points,,,,,,,rl_style,RL-style state policy,20260521.0,one_shot_s101_liq1.5_e7,101.0,7.0,sell,-1.0,0.0,-1.0,1.0,0.4931991295614837,0.0131004366812227,0.0133333333333333,1.0,one_shot_s101_liq1.5_e7_x30_h150,0.015313926940639273,,,,,,,,
100.0,,,,,,policy_points,,,,,,,randomized,Randomized policy,20260521.0,one_shot_s101_liq1.5_e8,101.0,8.0,buy,1.0,3.0,2.0,1.0,,-0.0120481927710843,0.0025839793281653,0.0,one_shot_s101_liq1.5_e8_x-100_h150,0.015313926940639273,,,,,,,,
10.0,,,,,,policy_points,,,,,,,signal_confounded,Signal-confounded policy,20260521.0,one_shot_s101_liq1.5_e8,101.0,8.0,buy,1.0,0.0,0.0,0.0,0.0084773201332461,-0.0120481927710843,0.0025839793281653,0.0,one_shot_s101_liq1.5_e8_x-10_h150,0.015313926940639273,,,,,,,,
30.0,,,,,,policy_points,,,,,,,rl_style,RL-style state policy,20260521.0,one_shot_s101_liq1.5_e8,101.0,8.0,buy,1.0,1.0,0.5,0.5,0.4779850408051113,-0.0120481927710843,0.0025839793281653,0.0,one_shot_s101_liq1.5_e8_x-30_h150,0.015313926940639273,,,,,,,,
-60.0,,,,,,policy_points,,,,,,,randomized,Randomized policy,20260521.0,one_shot_s101_liq1.5_e9,101.0,9.0,sell,-1.0,-3.0,-1.5,-1.5,,-0.0638297872340425,-0.0146082337317397,0.0,one_shot_s101_liq1.5_e9_x60_h150,0.015313926940639273,,,,,,,,
-30.0,,,,,,policy_points,,,,,,,signal_confounded,Signal-confounded policy,20260521.0,one_shot_s101_liq1.5_e9,101.0,9.0,sell,-1.0,-1.0,-1.0,0.0,0.0451414201350625,-0.0638297872340425,-0.0146082337317397,0.0,one_shot_s101_liq1.5_e9_x30_h150,0.015313926940639273,,,,,,,,
-60.0,,,,,,policy_points,,,,,,,rl_style,RL-style state policy,20260521.0,one_shot_s101_liq1.5_e9,101.0,9.0,sell,-1.0,-3.0,-1.5,-1.5,0.6358471820979635,-0.0638297872340425,-0.0146082337317397,0.0,one_shot_s101_liq1.5_e9_x60_h150,0.015313926940639273,,,,,,,,
30.0,,,,,,policy_points,,,,,,,randomized,Randomized policy,20260521.0,one_shot_s101_liq1.5_e10,101.0,10.0,sell,-1.0,0.0,1.0,-1.0,,-0.032520325203252,-0.0181347150259067,0.0,one_shot_s101_liq1.5_e10_x-30_h150,0.015313926940639273,,,,,,,,
-10.0,,,,,,policy_points,,,,,,,signal_confounded,Signal-confounded policy,20260521.0,one_shot_s101_liq1.5_e10,101.0,10.0,sell,-1.0,0.0,-0.5,0.5,0.0256718901385904,-0.032520325203252,-0.0181347150259067,0.0,one_shot_s101_liq1.5_e10_x10_h150,0.015313926940639273,,,,,,,,
-60.0,,,,,,policy_points,,,,,,,rl_style,RL-style state policy,20260521.0,one_shot_s101_liq1.5_e10,101.0,10.0,sell,-1.0,-2.0,-1.5,-0.5,0.5788839775243249,-0.032520325203252,-0.0181347150259067,0.0,one_shot_s101_liq1.5_e10_x60_h150,0.015313926940639273,,,,,,,,
10.0,,,,,,policy_points,,,,,,,randomized,Randomized policy,20260521.0,one_shot_s101_liq1.5_e11,101.0,11.0,buy,1.0,0.0,0.0,0.0,,-0.2765957446808511,-0.0599201065246338,2.0,one_shot_s101_liq1.5_e11_x-10_h150,0.015313926940639273,,,,,,,,
100.0,,,,,,policy_points,,,,,,,signal_confounded,Signal-confounded policy,20260521.0,one_shot_s101_liq1.5_e11,101.0,11.0,buy,1.0,2.0,1.5,0.5,0.2547672606737117,-0.2765957446808511,-0.0599201065246338,2.0,one_shot_s101_liq1.5_e11_x-100_h150,0.015313926940639273,,,,,,,,
10.0,,,,,,policy_points,,,,,,,rl_style,RL-style state policy,20260521.0,one_shot_s101_liq1.5_e11,101.0,11.0,buy,1.0,0.0,0.0,0.0,0.1428294096658821,-0.2765957446808511,-0.0599201065246338,2.0,one_shot_s101_liq1.5_e11_x-10_h150,0.015313926940639273,,,,,,,,
60.0,,,,,,policy_points,,,,,,,randomized,Randomized policy,20260521.0,one_shot_s202_liq1.5_e0,202.0,0.0,sell,-1.0,0.0,1.5,-1.5,,0.0260869565217391,0.0053763440860215,2.0,one_shot_s202_liq1.5_e0_x-60_h150,0.015313926940639273,,,,,,,,
-60.0,,,,,,policy_points,,,,,,,signal_confounded,Signal-confounded policy,20260521.0,one_shot_s202_liq1.5_e0,202.0,0.0,sell,-1.0,-2.0,-1.5,-0.5,0.0783006077606357,0.0260869565217391,0.0053763440860215,2.0,one_shot_s202_liq1.5_e0_x60_h150,0.015313926940639273,,,,,,,,
-30.0,,,,,,policy_points,,,,,,,rl_style,RL-style state policy,20260521.0,one_shot_s202_liq1.5_e0,202.0,0.0,sell,-1.0,-1.0,-1.0,0.0,0.5037639560104648,0.0260869565217391,0.0053763440860215,2.0,one_shot_s202_liq1.5_e0_x30_h150,0.015313926940639273,,,,,,,,
60.0,,,,,,policy_points,,,,,,,randomized,Randomized policy,20260521.0,one_shot_s202_liq1.5_e1,202.0,1.0,buy,1.0,2.0,1.5,0.5,,0.1013215859030837,0.0279627163781624,0.0,one_shot_s202_liq1.5_e1_x-60_h150,0.015313926940639273,,,,,,,,
30.0,,,,,,policy_points,,,,,,,signal_confounded,Signal-confounded policy,20260521.0,one_shot_s202_liq1.5_e1,202.0,1.0,buy,1.0,1.0,1.0,0.0,0.072849709931545,0.1013215859030837,0.0279627163781624,0.0,one_shot_s202_liq1.5_e1_x-30_h150,0.015313926940639273,,,,,,,,
100.0,,,,,,policy_points,,,,,,,rl_style,RL-style state policy,20260521.0,one_shot_s202_liq1.5_e1,202.0,1.0,buy,1.0,3.0,2.0,1.0,0.7109604720328364,0.1013215859030837,0.0279627163781624,0.0,one_shot_s202_liq1.5_e1_x-100_h150,0.015313926940639273,,,,,,,,
30.0,,,,,,policy_points,,,,,,,randomized,Randomized policy,20260521.0,one_shot_s202_liq1.5_e2,202.0,2.0,sell,-1.0,1.0,1.0,0.0,,-0.0175438596491228,-0.0157894736842105,5.0,one_shot_s202_liq1.5_e2_x-30_h150,0.015313926940639273,,,,,,,,
-100.0,,,,,,policy_points,,,,,,,signal_confounded,Signal-confounded policy,20260521.0,one_shot_s202_liq1.5_e2,202.0,2.0,sell,-1.0,-2.0,-2.0,0.0,0.1653508771929824,-0.0175438596491228,-0.0157894736842105,5.0,one_shot_s202_liq1.5_e2_x100_h150,0.015313926940639273,,,,,,,,
-100.0,,,,,,policy_points,,,,,,,rl_style,RL-style state policy,20260521.0,one_shot_s202_liq1.5_e2,202.0,2.0,sell,-1.0,-2.0,-2.0,0.0,0.6975749400275375,-0.0175438596491228,-0.0157894736842105,5.0,one_shot_s202_liq1.5_e2_x100_h150,0.015313926940639273,,,,,,,,
10.0,,,,,,policy_points,,,,,,,randomized,Randomized policy,20260521.0,one_shot_s202_liq1.5_e3,202.0,3.0,sell,-1.0,1.0,0.5,0.5,,-0.066079295154185,-0.0238726790450928,0.0,one_shot_s202_liq1.5_e3_x-10_h150,0.015313926940639273,,,,,,,,
-30.0,,,,,,policy_points,,,,,,,signal_confounded,Signal-confounded policy,20260521.0,one_shot_s202_liq1.5_e3,202.0,3.0,sell,-1.0,-1.0,-1.0,0.0,0.0489197116114934,-0.066079295154185,-0.0238726790450928,0.0,one_shot_s202_liq1.5_e3_x30_h150,0.015313926940639273,,,,,,,,
-60.0,,,,,,policy_points,,,,,,,rl_style,RL-style state policy,20260521.0,one_shot_s202_liq1.5_e3,202.0,3.0,sell,-1.0,-2.0,-1.5,-0.5,0.646805545644909,-0.066079295154185,-0.0238726790450928,0.0,one_shot_s202_liq1.5_e3_x60_h150,0.015313926940639273,,,,,,,,
100.0,,,,,,policy_points,,,,,,,randomized,Randomized policy,20260521.0,one_shot_s202_liq1.5_e4,202.0,4.0,buy,1.0,3.0,2.0,1.0,,0.0205761316872428,-0.0142671854734111,0.0,one_shot_s202_liq1.5_e4_x-100_h150,0.015313926940639273,,,,,,,,
10.0,,,,,,policy_points,,,,,,,signal_confounded,Signal-confounded policy,20260521.0,one_shot_s202_liq1.5_e4,202.0,4.0,buy,1.0,0.0,0.0,0.0,0.0169412819650606,0.0205761316872428,-0.0142671854734111,0.0,one_shot_s202_liq1.5_e4_x-10_h150,0.015313926940639273,,,,,,,,
30.0,,,,,,policy_points,,,,,,,rl_style,RL-style state policy,20260521.0,one_shot_s202_liq1.5_e4,202.0,4.0,buy,1.0,1.0,1.0,0.0,0.5297034977095465,0.0205761316872428,-0.0142671854734111,0.0,one_shot_s202_liq1.5_e4_x-30_h150,0.015313926940639273,,,,,,,,
60.0,,,,,,policy_points,,,,,,,randomized,Randomized policy,20260521.0,one_shot_s202_liq1.5_e5,202.0,5.0,buy,1.0,1.0,1.5,-0.5,,-0.0275229357798165,-0.0122448979591836,0.0,one_shot_s202_liq1.5_e5_x-60_h150,0.015313926940639273,,,,,,,,
10.0,,,,,,policy_points,,,,,,,signal_confounded,Signal-confounded policy,20260521.0,one_shot_s202_liq1.5_e5,202.0,5.0,buy,1.0,0.0,0.5,-0.5,0.0209511327466766,-0.0275229357798165,-0.0122448979591836,0.0,one_shot_s202_liq1.5_e5_x-10_h150,0.015313926940639273,,,,,,,,
30.0,,,,,,policy_points,,,,,,,rl_style,RL-style state policy,20260521.0,one_shot_s202_liq1.5_e5,202.0,5.0,buy,1.0,1.0,1.0,0.0,0.4355192807164549,-0.0275229357798165,-0.0122448979591836,0.0,one_shot_s202_liq1.5_e5_x-30_h150,0.015313926940639273,,,,,,,,
-10.0,,,,,,policy_points,,,,,,,randomized,Randomized policy,20260521.0,one_shot_s202_liq1.5_e6,202.0,6.0,sell,-1.0,0.0,0.0,0.0,,0.0260869565217391,0.0170380078636959,0.0,one_shot_s202_liq1.5_e6_x10_h150,0.015313926940639273,,,,,,,,
-10.0,,,,,,policy_points,,,,,,,signal_confounded,Signal-confounded policy,20260521.0,one_shot_s202_liq1.5_e6,202.0,6.0,sell,-1.0,0.0,0.0,0.0,0.0212160237050544,0.0260869565217391,0.0170380078636959,0.0,one_shot_s202_liq1.5_e6_x10_h150,0.015313926940639273,,,,,,,,
-10.0,,,,,,policy_points,,,,,,,rl_style,RL-style state policy,20260521.0,one_shot_s202_liq1.5_e6,202.0,6.0,sell,-1.0,0.0,0.0,0.0,0.4345729952784364,0.0260869565217391,0.0170380078636959,0.0,one_shot_s202_liq1.5_e6_x10_h150,0.015313926940639273,,,,,,,,
-10.0,,,,,,policy_points,,,,,,,randomized,Randomized policy,20260521.0,one_shot_s202_liq1.5_e7,202.0,7.0,sell,-1.0,0.0,-0.5,0.5,,0.0502283105022831,0.0225763612217795,8.0,one_shot_s202_liq1.5_e7_x10_h150,0.015313926940639273,,,,,,,,
-100.0,,,,,,policy_points,,,,,,,signal_confounded,Signal-confounded policy,20260521.0,one_shot_s202_liq1.5_e7,202.0,7.0,sell,-1.0,-3.0,-2.0,-1.0,0.2782924921319289,0.0502283105022831,0.0225763612217795,8.0,one_shot_s202_liq1.5_e7_x100_h150,0.015313926940639273,,,,,,,,
-60.0,,,,,,policy_points,,,,,,,rl_style,RL-style state policy,20260521.0,one_shot_s202_liq1.5_e7,202.0,7.0,sell,-1.0,-2.0,-1.5,-0.5,0.6236531840803785,0.0502283105022831,0.0225763612217795,8.0,one_shot_s202_liq1.5_e7_x60_h150,0.015313926940639273,,,,,,,,
0.0,,,,,,policy_points,,,,,,,randomized,Randomized policy,20260521.0,one_shot_s202_liq1.5_e8,202.0,8.0,buy,1.0,0.0,0.0,0.0,,0.1957671957671957,0.0385674931129476,0.0,one_shot_s202_liq1.5_e8_x0_h150,0.015313926940639273,,,,,,,,
60.0,,,,,,policy_points,,,,,,,signal_confounded,Signal-confounded policy,20260521.0,one_shot_s202_liq1.5_e8,202.0,8.0,buy,1.0,1.5,1.5,0.0,0.1368905505269141,0.1957671957671957,0.0385674931129476,0.0,one_shot_s202_liq1.5_e8_x-60_h150,0.015313926940639273,,,,,,,,
100.0,,,,,,policy_points,,,,,,,rl_style,RL-style state policy,20260521.0,one_shot_s202_liq1.5_e8,202.0,8.0,buy,1.0,2.5,2.0,0.5,0.8441654375587324,0.1957671957671957,0.0385674931129476,0.0,one_shot_s202_liq1.5_e8_x-100_h150,0.015313926940639273,,,,,,,,
10.0,,,,,,policy_points,,,,,,,randomized,Randomized policy,20260521.0,one_shot_s202_liq1.5_e9,202.0,9.0,sell,-1.0,0.0,0.5,-0.5,,0.0313901345291479,0.0040160642570281,0.0,one_shot_s202_liq1.5_e9_x-10_h150,0.015313926940639273,,,,,,,,
-10.0,,,,,,policy_points,,,,,,,signal_confounded,Signal-confounded policy,20260521.0,one_shot_s202_liq1.5_e9,202.0,9.0,sell,-1.0,0.0,-0.5,0.5,0.0214076035082031,0.0313901345291479,0.0040160642570281,0.0,one_shot_s202_liq1.5_e9_x10_h150,0.015313926940639273,,,,,,,,
-10.0,,,,,,policy_points,,,,,,,rl_style,RL-style state policy,20260521.0,one_shot_s202_liq1.5_e9,202.0,9.0,sell,-1.0,0.0,-0.5,0.5,0.4343874361250461,0.0313901345291479,0.0040160642570281,0.0,one_shot_s202_liq1.5_e9_x10_h150,0.015313926940639273,,,,,,,,
0.0,,,,,,policy_points,,,,,,,randomized,Randomized policy,20260521.0,one_shot_s202_liq1.5_e10,202.0,10.0,buy,1.0,0.0,0.0,0.0,,0.0136986301369863,0.0122116689280868,0.0,one_shot_s202_liq1.5_e10_x0_h150,0.015313926940639273,,,,,,,,
10.0,,,,,,policy_points,,,,,,,signal_confounded,Signal-confounded policy,20260521.0,one_shot_s202_liq1.5_e10,202.0,10.0,buy,1.0,0.0,0.5,-0.5,0.0119570268210628,0.0136986301369863,0.0122116689280868,0.0,one_shot_s202_liq1.5_e10_x-10_h150,0.015313926940639273,,,,,,,,
30.0,,,,,,policy_points,,,,,,,rl_style,RL-style state policy,20260521.0,one_shot_s202_liq1.5_e10,202.0,10.0,buy,1.0,1.0,1.0,0.0,0.5370982926495542,0.0136986301369863,0.0122116689280868,0.0,one_shot_s202_liq1.5_e10_x-30_h150,0.015313926940639273,,,,,,,,
-30.0,,,,,,policy_points,,,,,,,randomized,Randomized policy,20260521.0,one_shot_s202_liq1.5_e11,202.0,11.0,buy,1.0,0.0,-1.0,1.0,,-0.0548523206751054,-0.0336787564766839,0.0,one_shot_s202_liq1.5_e11_x30_h150,0.015313926940639273,,,,,,,,
30.0,,,,,,policy_points,,,,,,,signal_confounded,Signal-confounded policy,20260521.0,one_shot_s202_liq1.5_e11,202.0,11.0,buy,1.0,1.0,1.0,0.0,0.0440736975579895,-0.0548523206751054,-0.0336787564766839,0.0,one_shot_s202_liq1.5_e11_x-30_h150,0.015313926940639273,,,,,,,,
10.0,,,,,,policy_points,,,,,,,rl_style,RL-style state policy,20260521.0,one_shot_s202_liq1.5_e11,202.0,11.0,buy,1.0,0.0,0.5,-0.5,0.3666557802130983,-0.0548523206751054,-0.0336787564766839,0.0,one_shot_s202_liq1.5_e11_x-10_h150,0.015313926940639273,,,,,,,,
-30.0,,,,,,policy_points,,,,,,,randomized,Randomized policy,20260521.0,one_shot_s303_liq1.5_e0,303.0,0.0,buy,1.0,0.0,-1.0,1.0,,0.0458715596330275,0.0107816711590296,2.0,one_shot_s303_liq1.5_e0_x30_h150,0.015313926940639273,,,,,,,,
60.0,,,,,,policy_points,,,,,,,signal_confounded,Signal-confounded policy,20260521.0,one_shot_s303_liq1.5_e0,303.0,0.0,buy,1.0,2.0,1.5,0.5,0.0925119315512252,0.0458715596330275,0.0107816711590296,2.0,one_shot_s303_liq1.5_e0_x-60_h150,0.015313926940639273,,,,,,,,
60.0,,,,,,policy_points,,,,,,,rl_style,RL-style state policy,20260521.0,one_shot_s303_liq1.5_e0,303.0,0.0,buy,1.0,2.0,1.5,0.5,0.6590417107913693,0.0458715596330275,0.0107816711590296,2.0,one_shot_s303_liq1.5_e0_x-60_h150,0.015313926940639273,,,,,,,,
100.0,,,,,,policy_points,,,,,,,randomized,Randomized policy,20260521.0,one_shot_s303_liq1.5_e1,303.0,1.0,buy,1.0,3.0,2.0,1.0,,0.1243781094527363,0.0233837689133425,4.0,one_shot_s303_liq1.5_e1_x-100_h150,0.015313926940639273,,,,,,,,
100.0,,,,,,policy_points,,,,,,,signal_confounded,Signal-confounded policy,20260521.0,one_shot_s303_liq1.5_e1,303.0,1.0,buy,1.0,3.0,2.0,1.0,0.2066917133726142,0.1243781094527363,0.0233837689133425,4.0,one_shot_s303_liq1.5_e1_x-100_h150,0.015313926940639273,,,,,,,,
100.0,,,,,,policy_points,,,,,,,rl_style,RL-style state policy,20260521.0,one_shot_s303_liq1.5_e1,303.0,1.0,buy,1.0,3.0,2.0,1.0,0.864568947342659,0.1243781094527363,0.0233837689133425,4.0,one_shot_s303_liq1.5_e1_x-100_h150,0.015313926940639273,,,,,,,,
-10.0,,,,,,policy_points,,,,,,,randomized,Randomized policy,20260521.0,one_shot_s303_liq1.5_e2,303.0,2.0,buy,1.0,1.0,-0.5,1.5,,0.0893617021276595,0.0330250990752972,1.0,one_shot_s303_liq1.5_e2_x10_h150,0.015313926940639273,,,,,,,,
60.0,,,,,,policy_points,,,,,,,signal_confounded,Signal-confounded policy,20260521.0,one_shot_s303_liq1.5_e2,303.0,2.0,buy,1.0,2.0,1.5,0.5,0.0963413811518029,0.0893617021276595,0.0330250990752972,1.0,one_shot_s303_liq1.5_e2_x-60_h150,0.015313926940639273,,,,,,,,
100.0,,,,,,policy_points,,,,,,,rl_style,RL-style state policy,20260521.0,one_shot_s303_liq1.5_e2,303.0,2.0,buy,1.0,3.0,2.0,1.0,0.7243581567961033,0.0893617021276595,0.0330250990752972,1.0,one_shot_s303_liq1.5_e2_x-100_h150,0.015313926940639273,,,,,,,,
-10.0,,,,,,policy_points,,,,,,,randomized,Randomized policy,20260521.0,one_shot_s303_liq1.5_e3,303.0,3.0,buy,1.0,-1.0,-0.5,-0.5,,-0.0508474576271186,-0.0185185185185185,2.0,one_shot_s303_liq1.5_e3_x10_h150,0.015313926940639273,,,,,,,,
60.0,,,,,,policy_points,,,,,,,signal_confounded,Signal-confounded policy,20260521.0,one_shot_s303_liq1.5_e3,303.0,3.0,buy,1.0,1.0,1.0,0.0,0.0976804770872567,-0.0508474576271186,-0.0185185185185185,2.0,one_shot_s303_liq1.5_e3_x-60_h150,0.015313926940639273,,,,,,,,
30.0,,,,,,policy_points,,,,,,,rl_style,RL-style state policy,20260521.0,one_shot_s303_liq1.5_e3,303.0,3.0,buy,1.0,0.0,0.5,-0.5,0.4455542055201616,-0.0508474576271186,-0.0185185185185185,2.0,one_shot_s303_liq1.5_e3_x-30_h150,0.015313926940639273,,,,,,,,
0.0,,,,,,policy_points,,,,,,,randomized,Randomized policy,20260521.0,one_shot_s303_liq1.5_e4,303.0,4.0,buy,1.0,0.0,0.0,0.0,,0.055793991416309,0.0106100795755968,0.0,one_shot_s303_liq1.5_e4_x0_h150,0.015313926940639273,,,,,,,,
10.0,,,,,,policy_points,,,,,,,signal_confounded,Signal-confounded policy,20260521.0,one_shot_s303_liq1.5_e4,303.0,4.0,buy,1.0,1.0,0.5,0.5,0.0389186143145,0.055793991416309,0.0106100795755968,0.0,one_shot_s303_liq1.5_e4_x-10_h150,0.015313926940639273,,,,,,,,
60.0,,,,,,policy_points,,,,,,,rl_style,RL-style state policy,20260521.0,one_shot_s303_liq1.5_e4,303.0,4.0,buy,1.0,2.0,1.5,0.5,0.6178197012838847,0.055793991416309,0.0106100795755968,0.0,one_shot_s303_liq1.5_e4_x-60_h150,0.015313926940639273,,,,,,,,
30.0,,,,,,policy_points,,,,,,,randomized,Randomized policy,20260521.0,one_shot_s303_liq1.5_e5,303.0,5.0,sell,-1.0,-1.0,1.0,-2.0,,0.0829694323144104,0.02803738317757,2.0,one_shot_s303_liq1.5_e5_x-30_h150,0.015313926940639273,,,,,,,,
-60.0,,,,,,policy_points,,,,,,,signal_confounded,Signal-confounded policy,20260521.0,one_shot_s303_liq1.5_e5,303.0,5.0,sell,-1.0,-2.0,-1.0,-1.0,0.1209394767987592,0.0829694323144104,0.02803738317757,2.0,one_shot_s303_liq1.5_e5_x60_h150,0.015313926940639273,,,,,,,,
-10.0,,,,,,policy_points,,,,,,,rl_style,RL-style state policy,20260521.0,one_shot_s303_liq1.5_e5,303.0,5.0,sell,-1.0,-1.0,-0.5,-0.5,0.3800645692180847,0.0829694323144104,0.02803738317757,2.0,one_shot_s303_liq1.5_e5_x10_h150,0.015313926940639273,,,,,,,,
-10.0,,,,,,policy_points,,,,,,,randomized,Randomized policy,20260521.0,one_shot_s303_liq1.5_e6,303.0,6.0,buy,1.0,0.0,-0.5,0.5,,-0.0854700854700854,-0.0307076101468624,0.0,one_shot_s303_liq1.5_e6_x10_h150,0.015313926940639273,,,,,,,,
30.0,,,,,,policy_points,,,,,,,signal_confounded,Signal-confounded policy,20260521.0,one_shot_s303_liq1.5_e6,303.0,6.0,buy,1.0,1.0,0.5,0.5,0.0632324580922711,-0.0854700854700854,-0.0307076101468624,0.0,one_shot_s303_liq1.5_e6_x-30_h150,0.015313926940639273,,,,,,,,
10.0,,,,,,policy_points,,,,,,,rl_style,RL-style state policy,20260521.0,one_shot_s303_liq1.5_e6,303.0,6.0,buy,1.0,0.0,0.5,-0.5,0.3138836085835846,-0.0854700854700854,-0.0307076101468624,0.0,one_shot_s303_liq1.5_e6_x-10_h150,0.015313926940639273,,,,,,,,
-10.0,,,,,,policy_points,,,,,,,randomized,Randomized policy,20260521.0,one_shot_s303_liq1.5_e7,303.0,7.0,sell,-1.0,-1.0,-0.5,-0.5,,0.0198019801980198,0.0083333333333333,3.0,one_shot_s303_liq1.5_e7_x10_h150,0.015313926940639273,,,,,,,,
-60.0,,,,,,policy_points,,,,,,,signal_confounded,Signal-confounded policy,20260521.0,one_shot_s303_liq1.5_e7,303.0,7.0,sell,-1.0,-2.0,-1.5,-0.5,0.1049546204620462,0.0198019801980198,0.0083333333333333,3.0,one_shot_s303_liq1.5_e7_x60_h150,0.015313926940639273,,,,,,,,
-60.0,,,,,,policy_points,,,,,,,rl_style,RL-style state policy,20260521.0,one_shot_s303_liq1.5_e7,303.0,7.0,sell,-1.0,-2.0,-1.5,-0.5,0.5438610074577817,0.0198019801980198,0.0083333333333333,3.0,one_shot_s303_liq1.5_e7_x60_h150,0.015313926940639273,,,,,,,,
100.0,,,,,,policy_points,,,,,,,randomized,Randomized policy,20260521.0,one_shot_s303_liq1.5_e8,303.0,8.0,sell,-1.0,-1.0,2.0,-3.0,,0.0172413793103448,-0.0079575596816976,7.0,one_shot_s303_liq1.5_e8_x-100_h150,0.015313926940639273,,,,,,,,
-100.0,,,,,,policy_points,,,,,,,signal_confounded,Signal-confounded policy,20260521.0,one_shot_s303_liq1.5_e8,303.0,8.0,sell,-1.0,-3.5,-2.0,-1.5,0.2231962864721485,0.0172413793103448,-0.0079575596816976,7.0,one_shot_s303_liq1.5_e8_x100_h150,0.015313926940639273,,,,,,,,
-100.0,,,,,,policy_points,,,,,,,rl_style,RL-style state policy,20260521.0,one_shot_s303_liq1.5_e8,303.0,8.0,sell,-1.0,-3.5,-2.0,-1.5,0.6819128885518938,0.0172413793103448,-0.0079575596816976,7.0,one_shot_s303_liq1.5_e8_x100_h150,0.015313926940639273,,,,,,,,
100.0,,,,,,policy_points,,,,,,,randomized,Randomized policy,20260521.0,one_shot_s303_liq1.5_e9,303.0,9.0,sell,-1.0,0.0,2.5,-2.5,,0.3138075313807531,0.0730411686586985,2.0,one_shot_s303_liq1.5_e9_x-100_h150,0.015313926940639273,,,,,,,,
-100.0,,,,,,policy_points,,,,,,,signal_confounded,Signal-confounded policy,20260521.0,one_shot_s303_liq1.5_e9,303.0,9.0,sell,-1.0,-2.0,-1.5,-0.5,0.2822351875621641,0.3138075313807531,0.0730411686586985,2.0,one_shot_s303_liq1.5_e9_x100_h150,0.015313926940639273,,,,,,,,
-10.0,,,,,,policy_points,,,,,,,rl_style,RL-style state policy,20260521.0,one_shot_s303_liq1.5_e9,303.0,9.0,sell,-1.0,0.0,0.0,0.0,0.120415504029099,0.3138075313807531,0.0730411686586985,2.0,one_shot_s303_liq1.5_e9_x10_h150,0.015313926940639273,,,,,,,,
30.0,,,,,,policy_points,,,,,,,randomized,Randomized policy,20260521.0,one_shot_s303_liq1.5_e10,303.0,10.0,sell,-1.0,0.0,1.0,-1.0,,0.1235059760956175,0.0310077519379844,0.0,one_shot_s303_liq1.5_e10_x-30_h150,0.015313926940639273,,,,,,,,
-60.0,,,,,,policy_points,,,,,,,signal_confounded,Signal-confounded policy,20260521.0,one_shot_s303_liq1.5_e10,303.0,10.0,sell,-1.0,-1.0,-1.0,0.0,0.0880308224466475,0.1235059760956175,0.0310077519379844,0.0,one_shot_s303_liq1.5_e10_x60_h150,0.015313926940639273,,,,,,,,
-10.0,,,,,,policy_points,,,,,,,rl_style,RL-style state policy,20260521.0,one_shot_s303_liq1.5_e10,303.0,10.0,sell,-1.0,0.0,0.0,0.0,0.2521322106141658,0.1235059760956175,0.0310077519379844,0.0,one_shot_s303_liq1.5_e10_x10_h150,0.015313926940639273,,,,,,,,
100.0,,,,,,policy_points,,,,,,,randomized,Randomized policy,20260521.0,one_shot_s303_liq1.5_e11,303.0,11.0,sell,-1.0,0.0,2.0,-2.0,,0.0,0.0013351134846461,0.0,one_shot_s303_liq1.5_e11_x-100_h150,0.015313926940639273,,,,,,,,
-10.0,,,,,,policy_points,,,,,,,signal_confounded,Signal-confounded policy,20260521.0,one_shot_s303_liq1.5_e11,303.0,11.0,sell,-1.0,0.0,-0.5,0.5,0.0003337783711615,0.0,0.0013351134846461,0.0,one_shot_s303_liq1.5_e11_x10_h150,0.015313926940639273,,,,,,,,
-30.0,,,,,,policy_points,,,,,,,rl_style,RL-style state policy,20260521.0,one_shot_s303_liq1.5_e11,303.0,11.0,sell,-1.0,-1.0,-1.0,0.0,0.498931910836943,0.0,0.0013351134846461,0.0,one_shot_s303_liq1.5_e11_x30_h150,0.015313926940639273,,,,,,,,
60.0,,,,,,policy_points,,,,,,,randomized,Randomized policy,20260521.0,one_shot_s404_liq1.5_e0,404.0,0.0,buy,1.0,1.0,2.0,-1.0,,0.3023255813953488,0.065040650406504,6.0,one_shot_s404_liq1.5_e0_x-60_h150,0.015313926940639273,,,,,,,,
100.0,,,,,,policy_points,,,,,,,signal_confounded,Signal-confounded policy,20260521.0,one_shot_s404_liq1.5_e0,404.0,0.0,buy,1.0,3.0,2.5,0.5,0.3927717905086028,0.3023255813953488,0.065040650406504,6.0,one_shot_s404_liq1.5_e0_x-100_h150,0.015313926940639273,,,,,,,,
100.0,,,,,,policy_points,,,,,,,rl_style,RL-style state policy,20260521.0,one_shot_s404_liq1.5_e0,404.0,0.0,buy,1.0,3.0,2.5,0.5,1.1125624875529556,0.3023255813953488,0.065040650406504,6.0,one_shot_s404_liq1.5_e0_x-100_h150,0.015313926940639273,,,,,,,,
60.0,,,,,,policy_points,,,,,,,randomized,Randomized policy,20260521.0,one_shot_s404_liq1.5_e1,404.0,1.0,sell,-1.0,1.0,1.5,-0.5,,-0.0275229357798165,0.0080428954423592,0.0,one_shot_s404_liq1.5_e1_x-60_h150,0.015313926940639273,,,,,,,,
-10.0,,,,,,policy_points,,,,,,,signal_confounded,Signal-confounded policy,20260521.0,one_shot_s404_liq1.5_e1,404.0,1.0,sell,-1.0,0.0,-0.5,0.5,0.0199006321174705,-0.0275229357798165,0.0080428954423592,0.0,one_shot_s404_liq1.5_e1_x10_h150,0.015313926940639273,,,,,,,,
-60.0,,,,,,policy_points,,,,,,,rl_style,RL-style state policy,20260521.0,one_shot_s404_liq1.5_e1,404.0,1.0,sell,-1.0,-1.0,-1.5,0.5,0.54845896789653,-0.0275229357798165,0.0080428954423592,0.0,one_shot_s404_liq1.5_e1_x60_h150,0.015313926940639273,,,,,,,,
10.0,,,,,,policy_points,,,,,,,randomized,Randomized policy,20260521.0,one_shot_s404_liq1.5_e2,404.0,2.0,sell,-1.0,0.0,0.0,0.0,,-0.0762331838565022,-0.0229419703103913,5.0,one_shot_s404_liq1.5_e2_x-10_h150,0.015313926940639273,,,,,,,,
-100.0,,,,,,policy_points,,,,,,,signal_confounded,Signal-confounded policy,20260521.0,one_shot_s404_liq1.5_e2,404.0,2.0,sell,-1.0,-3.0,-2.0,-1.0,0.2052870620843242,-0.0762331838565022,-0.0229419703103913,5.0,one_shot_s404_liq1.5_e2_x100_h150,0.015313926940639273,,,,,,,,
-100.0,,,,,,policy_points,,,,,,,rl_style,RL-style state policy,20260521.0,one_shot_s404_liq1.5_e2,404.0,2.0,sell,-1.0,-3.0,-2.0,-1.0,0.8144703158370533,-0.0762331838565022,-0.0229419703103913,5.0,one_shot_s404_liq1.5_e2_x100_h150,0.015313926940639273,,,,,,,,
-100.0,,,,,,policy_points,,,,,,,randomized,Randomized policy,20260521.0,one_shot_s404_liq1.5_e3,404.0,3.0,buy,1.0,-2.0,-1.5,-0.5,,0.1256830601092896,0.0292887029288702,10.0,one_shot_s404_liq1.5_e3_x100_h150,0.015313926940639273,,,,,,,,
100.0,,,,,,policy_points,,,,,,,signal_confounded,Signal-confounded policy,20260521.0,one_shot_s404_liq1.5_e3,404.0,3.0,buy,1.0,1.0,2.0,-1.0,0.3890161648032558,0.1256830601092896,0.0292887029288702,10.0,one_shot_s404_liq1.5_e3_x-100_h150,0.015313926940639273,,,,,,,,
100.0,,,,,,policy_points,,,,,,,rl_style,RL-style state policy,20260521.0,one_shot_s404_liq1.5_e3,404.0,3.0,buy,1.0,1.0,2.0,-1.0,1.0501079922409944,0.1256830601092896,0.0292887029288702,10.0,one_shot_s404_liq1.5_e3_x-100_h150,0.015313926940639273,,,,,,,,
30.0,,,,,,policy_points,,,,,,,randomized,Randomized policy,20260521.0,one_shot_s404_liq1.5_e4,404.0,4.0,buy,1.0,1.5,1.0,0.5,,0.056768558951965,0.0226969292389853,0.0,one_shot_s404_liq1.5_e4_x-30_h150,0.015313926940639273,,,,,,,,
30.0,,,,,,policy_points,,,,,,,signal_confounded,Signal-confounded policy,20260521.0,one_shot_s404_liq1.5_e4,404.0,4.0,buy,1.0,1.5,1.0,0.5,0.0425737956285235,0.056768558951965,0.0226969292389853,0.0,one_shot_s404_liq1.5_e4_x-30_h150,0.015313926940639273,,,,,,,,
60.0,,,,,,policy_points,,,,,,,rl_style,RL-style state policy,20260521.0,one_shot_s404_liq1.5_e4,404.0,4.0,buy,1.0,2.0,1.5,0.5,0.6287314692303887,0.056768558951965,0.0226969292389853,0.0,one_shot_s404_liq1.5_e4_x-60_h150,0.015313926940639273,,,,,,,,
-30.0,,,,,,policy_points,,,,,,,randomized,Randomized policy,20260521.0,one_shot_s404_liq1.5_e5,404.0,5.0,sell,-1.0,-1.0,-1.0,0.0,,0.0636363636363636,0.0066755674232309,3.0,one_shot_s404_liq1.5_e5_x30_h150,0.015313926940639273,,,,,,,,
-60.0,,,,,,policy_points,,,,,,,signal_confounded,Signal-confounded policy,20260521.0,one_shot_s404_liq1.5_e5,404.0,5.0,sell,-1.0,-2.0,-1.5,-0.5,0.133032528219444,0.0636363636363636,0.0066755674232309,3.0,one_shot_s404_liq1.5_e5_x60_h150,0.015313926940639273,,,,,,,,
-30.0,,,,,,policy_points,,,,,,,rl_style,RL-style state policy,20260521.0,one_shot_s404_liq1.5_e5,404.0,5.0,sell,-1.0,-1.0,-1.0,0.0,0.460411303341241,0.0636363636363636,0.0066755674232309,3.0,one_shot_s404_liq1.5_e5_x30_h150,0.015313926940639273,,,,,,,,
30.0,,,,,,policy_points,,,,,,,randomized,Randomized policy,20260521.0,one_shot_s404_liq1.5_e6,404.0,6.0,sell,-1.0,-0.5,1.0,-1.5,,0.0608695652173913,0.0186666666666666,0.0,one_shot_s404_liq1.5_e6_x-30_h150,0.015313926940639273,,,,,,,,
-30.0,,,,,,policy_points,,,,,,,signal_confounded,Signal-confounded policy,20260521.0,one_shot_s404_liq1.5_e6,404.0,6.0,sell,-1.0,-1.5,-0.5,-1.0,0.044231884057971,0.0608695652173913,0.0186666666666666,0.0,one_shot_s404_liq1.5_e6_x30_h150,0.015313926940639273,,,,,,,,
-10.0,,,,,,policy_points,,,,,,,rl_style,RL-style state policy,20260521.0,one_shot_s404_liq1.5_e6,404.0,6.0,sell,-1.0,0.0,-0.5,0.5,0.3666327283511566,0.0608695652173913,0.0186666666666666,0.0,one_shot_s404_liq1.5_e6_x10_h150,0.015313926940639273,,,,,,,,
-100.0,,,,,,policy_points,,,,,,,randomized,Randomized policy,20260521.0,one_shot_s404_liq1.5_e7,404.0,7.0,buy,1.0,-0.5,-2.0,1.5,,-0.0989010989010989,-0.0372208436724565,0.0,one_shot_s404_liq1.5_e7_x100_h150,0.015313926940639273,,,,,,,,
60.0,,,,,,policy_points,,,,,,,signal_confounded,Signal-confounded policy,20260521.0,one_shot_s404_liq1.5_e7,404.0,7.0,buy,1.0,0.5,1.0,-0.5,0.0735909252038284,-0.0989010989010989,-0.0372208436724565,0.0,one_shot_s404_liq1.5_e7_x-60_h150,0.015313926940639273,,,,,,,,
10.0,,,,,,policy_points,,,,,,,rl_style,RL-style state policy,20260521.0,one_shot_s404_liq1.5_e7,404.0,7.0,buy,1.0,0.5,0.0,0.5,0.2869352823774214,-0.0989010989010989,-0.0372208436724565,0.0,one_shot_s404_liq1.5_e7_x-10_h150,0.015313926940639273,,,,,,,,
-10.0,,,,,,policy_points,,,,,,,randomized,Randomized policy,20260521.0,one_shot_s404_liq1.5_e8,404.0,8.0,sell,-1.0,0.0,-0.5,0.5,,0.0666666666666666,0.0228802153432032,0.0,one_shot_s404_liq1.5_e8_x10_h150,0.015313926940639273,,,,,,,,
-30.0,,,,,,policy_points,,,,,,,signal_confounded,Signal-confounded policy,20260521.0,one_shot_s404_liq1.5_e8,404.0,8.0,sell,-1.0,-1.0,-1.0,0.0,0.049053387169134,0.0666666666666666,0.0228802153432032,0.0,one_shot_s404_liq1.5_e8_x30_h150,0.015313926940639273,,,,,,,,
-10.0,,,,,,policy_points,,,,,,,rl_style,RL-style state policy,20260521.0,one_shot_s404_liq1.5_e8,404.0,8.0,sell,-1.0,0.0,-0.5,0.5,0.3528465855389429,0.0666666666666666,0.0228802153432032,0.0,one_shot_s404_liq1.5_e8_x10_h150,0.015313926940639273,,,,,,,,
-100.0,,,,,,policy_points,,,,,,,randomized,Randomized policy,20260521.0,one_shot_s404_liq1.5_e9,404.0,9.0,buy,1.0,0.0,-1.5,1.5,,0.1957671957671957,0.0631868131868131,3.0,one_shot_s404_liq1.5_e9_x100_h150,0.015313926940639273,,,,,,,,
100.0,,,,,,policy_points,,,,,,,signal_confounded,Signal-confounded policy,20260521.0,one_shot_s404_liq1.5_e9,404.0,9.0,buy,1.0,3.0,2.0,1.0,0.2330453805453805,0.1957671957671957,0.0631868131868131,3.0,one_shot_s404_liq1.5_e9_x-100_h150,0.015313926940639273,,,,,,,,
100.0,,,,,,policy_points,,,,,,,rl_style,RL-style state policy,20260521.0,one_shot_s404_liq1.5_e9,404.0,9.0,buy,1.0,3.0,2.0,1.0,0.9442505356990684,0.1957671957671957,0.0631868131868131,3.0,one_shot_s404_liq1.5_e9_x-100_h150,0.015313926940639273,,,,,,,,
30.0,,,,,,policy_points,,,,,,,randomized,Randomized policy,20260521.0,one_shot_s404_liq1.5_e10,404.0,10.0,buy,1.0,1.0,1.0,0.0,,0.0218340611353711,0.0079787234042553,0.0,one_shot_s404_liq1.5_e10_x-30_h150,0.015313926940639273,,,,,,,,
10.0,,,,,,policy_points,,,,,,,signal_confounded,Signal-confounded policy,20260521.0,one_shot_s404_liq1.5_e10,404.0,10.0,buy,1.0,1.0,0.0,1.0,0.016186820589055,0.0218340611353711,0.0079787234042553,0.0,one_shot_s404_liq1.5_e10_x-10_h150,0.015313926940639273,,,,,,,,
60.0,,,,,,policy_points,,,,,,,rl_style,RL-style state policy,20260521.0,one_shot_s404_liq1.5_e10,404.0,10.0,buy,1.0,2.0,1.5,0.5,0.5498845901686826,0.0218340611353711,0.0079787234042553,0.0,one_shot_s404_liq1.5_e10_x-60_h150,0.015313926940639273,,,,,,,,
-100.0,,,,,,policy_points,,,,,,,randomized,Randomized policy,20260521.0,one_shot_s404_liq1.5_e11,404.0,11.0,sell,-1.0,-4.0,-2.0,-2.0,,-0.0775862068965517,-0.0266666666666666,0.0,one_shot_s404_liq1.5_e11_x100_h150,0.015313926940639273,,,,,,,,
-30.0,,,,,,policy_points,,,,,,,signal_confounded,Signal-confounded policy,20260521.0,one_shot_s404_liq1.5_e11,404.0,11.0,sell,-1.0,-2.0,-1.0,-1.0,0.0570977011494252,-0.0775862068965517,-0.0266666666666666,0.0,one_shot_s404_liq1.5_e11_x30_h150,0.015313926940639273,,,,,,,,
-100.0,,,,,,policy_points,,,,,,,rl_style,RL-style state policy,20260521.0,one_shot_s404_liq1.5_e11,404.0,11.0,sell,-1.0,-4.0,-2.0,-2.0,0.6695217908711744,-0.0775862068965517,-0.0266666666666666,0.0,one_shot_s404_liq1.5_e11_x100_h150,0.015313926940639273,,,,,,,,
,,,,,,slope_ratio,,,,,,,oracle,,,,,,,,,,,,,,,,0.015313926940639273,Oracle benchmark,0.015313926940639273,0.015313926940639273,1.0,,,,
,,,,,,slope_ratio,,,,,,,randomized,,,,,,,,,,,,,,,,0.015313926940639273,Randomized policy OLS,0.014764467430807938,0.015313926940639273,0.9641202735287179,0.5519321273406411,1.3558795381500257,,
,,,,,,slope_ratio,,,,,,,signal_confounded,,,,,,,,,,,,,,,,0.015313926940639273,Signal-confounded policy OLS,0.026957743896849892,0.015313926940639273,1.760341681225531,1.5685135514901978,1.9420185976007065,,
,,,,,,slope_ratio,,,,,,,rl_style,,,,,,,,,,,,,,,,0.015313926940639273,RL-style state policy OLS,0.028799415240299695,0.015313926940639273,1.8806028885950448,1.674556449577306,2.0688178164949473,,
,,,,,,assignment_by_latent,,,,,,,randomized,Randomized policy,,,,,buy,1.0,,,,,,,,,0.015313926940639273,,,,,,,-5.0,10.782595597354653
,,,,,,assignment_by_latent,,,,,,,randomized,Randomized policy,,,,,sell,-1.0,,,,,,,,,0.015313926940639273,,,,,,,6.333333333333333,10.039958480169373
,,,,,,assignment_by_latent,,,,,,,rl_style,RL-style state policy,,,,,buy,1.0,,,,,,,,,0.015313926940639273,,,,,,,51.333333333333336,6.586878864840057
,,,,,,assignment_by_latent,,,,,,,rl_style,RL-style state policy,,,,,sell,-1.0,,,,,,,,,0.015313926940639273,,,,,,,-48.666666666666664,5.983374155401356
,,,,,,assignment_by_latent,,,,,,,signal_confounded,Signal-confounded policy,,,,,buy,1.0,,,,,,,,,0.015313926940639273,,,,,,,53.666666666666664,6.582514862551304
,,,,,,assignment_by_latent,,,,,,,signal_confounded,Signal-confounded policy,,,,,sell,-1.0,,,,,,,,,0.015313926940639273,,,,,,,-46.333333333333336,5.920611441966387
