arm,estimate,ci_low,ci_high,target,target_gap,ci_width,support_rate,clipping_rate,sample_size,clusters,inference_unit,ci_method,first_stage_F,clone_integrity_pass,fseq_balance_ticks,abs_fseq_balance_ticks,new_information
one_shot,3.4372537090279467,3.3190395603827176,3.5569182696554655,3.437253709027946,8.881784197001252e-16,0.2378787092727479,1.0,0.0,500000,500,seed-liquidity-alpha block,1000 replication block bootstrap,185.0,True,-1.5832085134492338e-05,0.009169278583581854,path-dependent residual propagation after matched sequential mechanics
twap_2,1.5864247887821277,1.5308465274564285,1.6417589773759378,1.5864247887821288,-1.1102230246251565e-15,0.11091244991950933,1.0,0.0,500000,500,seed-liquidity-alpha block,1000 replication block bootstrap,188.0,True,-5.4518863148712805e-06,0.004908353726626406,path-dependent residual propagation after matched sequential mechanics
twap_5,0.0,0.0,0.0,0.0,0.0,0.0,1.0,0.0,500000,500,seed-liquidity-alpha block,1000 replication block bootstrap,191.0,True,0.0,0.0,path-dependent residual propagation after matched sequential mechanics
twap_10,-0.8813471048789614,-0.9125531152704942,-0.8492601123591828,-0.8813471048789606,-7.771561172376096e-16,0.06329300291131146,1.0,0.0,500000,500,seed-liquidity-alpha block,1000 replication block bootstrap,194.0,True,8.021968665951865e-08,9.70024539264359e-05,path-dependent residual propagation after matched sequential mechanics
twap_20,-1.3220206573184397,-1.365777222980551,-1.2763837093026518,-1.3220206573184408,1.1102230246251565e-15,0.08939351367789916,1.0,0.0,500000,500,seed-liquidity-alpha block,1000 replication block bootstrap,197.0,True,1.6145214835019528e-07,0.00019515483390176495,path-dependent residual propagation after matched sequential mechanics
front_loaded,2.820310735612674,2.715573924875297,2.917852963463447,2.820310735612674,0.0,0.20227903858815033,1.0,0.0,500000,500,seed-liquidity-alpha block,1000 replication block bootstrap,200.0,True,-2.647766656702763e-08,3.2927061107439724e-05,path-dependent residual propagation after matched sequential mechanics
back_loaded,-1.8508289202458166,-1.9165557789175964,-1.7862573126665393,-1.8508289202458172,6.661338147750939e-16,0.13029846625105712,1.0,0.0,500000,500,seed-liquidity-alpha block,1000 replication block bootstrap,203.0,True,1.4943598229189347e-08,1.8961509786432838e-05,path-dependent residual propagation after matched sequential mechanics
burst_pause_burst,2.291502472685297,2.2135356646787385,2.3759215345521114,2.291502472685297,0.0,0.1623858698733729,1.0,0.0,500000,500,seed-liquidity-alpha block,1000 replication block bootstrap,206.0,True,3.8630538573086394e-08,4.656816643823716e-05,path-dependent residual propagation after matched sequential mechanics
randomized_jitter,0.6169429734152728,0.5946670158554787,0.6382810320211681,0.6169429734152725,3.3306690738754696e-16,0.043614016165689495,1.0,0.0,500000,500,seed-liquidity-alpha block,1000 replication block bootstrap,209.0,True,-6.449707619986487e-09,8.058302158029423e-06,path-dependent residual propagation after matched sequential mechanics
